category,component,status,version,last_updated,dependencies,notes
core,AIOrchestrator,completed,1.2,2024-06-18,openai,deepseek,"Supports OpenAI & DeepSeek routing"
core,SlickCore,completed,1.3,2024-06-18,ai_core,"Main processing engine"
memory,MemoryEngine,completed,1.1,2024-06-17,fastapi,"REST API implemented"
memory,KnowledgeGraph,completed,1.0,2024-06-16,networkx,"Entity-relationship mapping"
training,TrainingProcessor,completed,1.1,2024-06-15,openai,deepseek,"Dual-model training"
cli,CommandRegistry,completed,1.4,2024-06-18,click,"50+ commands registered"
cli,HelpSystem,completed,1.2,2024-06-17,"Color coding implemented"
web,FlaskServer,completed,1.3,2024-06-18,flask,"Port 5000"
web,TelegramBot,completed,1.1,2024-06-17,python-telegram-bot,"Webhook configured"
config,ProfileLoader,completed,1.2,2024-06-18,"JSON/CSV","Fallback loading"
config,SettingsManager,completed,1.3,2024-06-18,dotenv,"Multi-source config"
ai,OpenAIAdapter,completed,1.4,2024-06-18,openai,"GPT-4 support"
ai,DeepSeekAdapter,completed,1.3,2024-06-17,"Custom models"
cognitive,InterestEnhancer,completed,1.1,2024-06-16,"Profile-based boosting"
cognitive,LearningAdapter,completed,1.2,2024-06-17,"Multi-style support"
system,LinuxTools,completed,1.1,2024-06-15,"Systemd integration"
system,WindowsTools,completed,1.1,2024-06-15,"Registry access"
sync,SyncCore,completed,1.3,2024-06-18,"Conflict resolution"
backup,BackupSystem,completed,1.2,2024-06-17,rsync,"Tagged backups"
testing,UnitTests,completed,1.0,2024-06-18,pytest,"85% coverage"
testing,IntegrationTests,in_progress,0.8,2024-06-18,"CI/CD pipeline"
documentation,API_Docs,completed,1.1,2024-06-17,swagger,"OpenAPI 3.0"
documentation,UserGuide,in_progress,0.6,2024-06-18,"Markdown format"
deployment,Dockerfiles,completed,1.2,2024-06-17,"Multi-stage builds"
security,AuthSystem,in_progress,0.7,2024-06-18,JWT,"RBAC implementation"
cognitive,GalacticThoughtPatterns,completed,1.0,2024-06-18,cosmic_resolution,"Galactic Generation integration"
cognitive,CosmicResolution,completed,1.0,2024-06-18,,"Applies cosmic context transformations"
core,GameAction,completed,1.0,2024-06-18,Action,"Game event triggers"
core,ActionRegistry,completed,1.2,2024-06-18,re,"Action pattern matching system"
ai,OpenAIBridge,completed,1.1,2024-06-18,openai,"GPT-4 API integration"
web,AIAPI,completed,1.0,2024-06-18,fastapi,"FastAPI endpoint router"
ai,BehaviorSystem,completed,1.3,2024-06-18,event_bus,"NPC behavior states"
ai,ExtendedBehaviorSystem,completed,1.2,2024-06-18,EmotionSystem,"Emotion-based behaviors"
ai,ExtendedDialogueSystem,completed,1.2,2024-06-18,EmotionSystem,"Relationship-based dialogue"
ai,EmotionSystem,completed,1.1,2024-06-18,,"NPC emotional states"
system,AIEventBus,completed,1.3,2024-06-18,,"Global event system"
integration,AIIntegration,completed,1.4,2024-06-18,"BehaviorSystem,DialogueSystem","Main AI coordinator"
ai,AIModel,completed,1.2,2024-06-18,"MemorySystem,TaskScheduler","NPC state management"
system,TaskScheduler,completed,1.1,2024-06-18,,"NPC daily schedules"
core,CognitiveLogicUnit,completed,1.3,2024-06-18,"sklearn,KnowledgeGraph","Hybrid reasoning system"
core,CognitiveCore,completed,1.0,2024-06-18,,"Enhanced processing engine"
core,CognitiveEngine,completed,1.1,2024-06-18,"KnowledgeGraph,MemoryBank","Basic cognitive pipeline"
category,component,status,version,last_updated,dependencies,notes
engine,SlickLogicEngine,completed,1.3,2024-06-19,"PersonalityEngine,LearningAdapter,InterestEnhancer","Added Homer personality mode"
engine,PreferenceApplier,completed,1.1,2024-06-19,,"Enhanced tone and humor handling"
config,ProfileLoader,completed,1.3,2024-06-19,"JSON/CSV","Added Homer mode support"
config,PreferencesLoader,completed,1.1,2024-06-19,csv,"Extended preference options"
personality,PersonalityEngine,completed,1.2,2024-06-19,,"Added Homer response patterns"
memory,MemoryBank,completed,1.2,2024-06-19,,"Enhanced name memory retention"
interface,WebInterface,completed,1.2,2024-06-19,flask,"Improved chat UI responsiveness"
system,MaintenanceScheduler,completed,1.1,2024-06-19,threading,"Optimized memory decay timing"
engine,LearningAdapter,completed,1.1,2024-06-19,,"Visual learning enhancements"
engine,InterestEnhancer,completed,1.1,2024-06-19,,"Improved interest detection"
core,SystemInitializer,completed,1.1,2024-06-19,,"Homer mode initialization"
web,FlaskServer,completed,1.4,2024-06-19,flask,"Added personality mode endpoint"
testing,IntegrationTests,in_progress,0.9,2024-06-19,"CI/CD pipeline","Homer mode testing"
documentation,UserGuide,in_progress,0.7,2024-06-19,"Markdown format","Added Homer mode docs"
security,AuthSystem,completed,0.8,2024-06-19,JWT,"Personality mode permissions"
cli,CommandRegistry,completed,1.5,2024-06-19,click,"Added personality mode commands"
ai,BehaviorSystem,completed,1.4,2024-06-19,event_bus,"Homer mode behaviors"
ai,ExtendedBehaviorSystem,completed,1.3,2024-06-19,EmotionSystem,"Homer emotional responses"
cognitive,GalacticThoughtPatterns,completed,1.1,2024-06-19,cosmic_resolution,"Homer cosmic jokes"
integration,AIIntegration,completed,1.5,2024-06-19,"BehaviorSystem,DialogueSystem","Homer mode integration"
category,component,status,version,last_updated,dependencies,notes
memory,MemoryBank,completed,1.3,2024-06-20,"datetime,dateutil","Enhanced decay algorithm"
memory,MemoryProgressManager,completed,1.2,2024-06-20,"zlib,pickle,hashlib","Atomic saves with checksums"
memory,MemoryNode,completed,1.1,2024-06-20,,"Multimodal memory nodes"
memory,MemorySystem,completed,1.2,2024-06-20,"PlaceholderDB","Episodic/semantic integration"
memory,DataVault,completed,1.0,2024-06-20,,"Encrypted memory storage"
memory,AttentionPredictor,completed,1.0,2024-06-20,"onnx","Engagement detection"
system,PersonalAI,completed,1.2,2024-06-20,"MemorySystem,AdaptiveUI","Main AI controller"
system,ConversationSession,completed,1.1,2024-06-20,,"Contextual chat handling"
system,UserProfile,completed,1.1,2024-06-20,,"Extended profile schema"
system,AIResponsePreferences,completed,1.1,2024-06-20,,"Enhanced decay params"
storage,SaveSystem,completed,1.1,2024-06-20,"pathlib","Full memory backups"
knowledge,ThinkSessions,completed,1.0,2024-06-20,,"30+ reflection documents"
integration,MemoryIntegration,completed,1.2,2024-06-20,"MemoryBank,ProfileLoader","Bias application"
testing,MemoryTests,completed,1.1,2024-06-20,pytest,"Checksum verification"
documentation,MemoryDocs,completed,1.0,2024-06-20,,"API and usage examples"
security,MemoryEncryption,completed,1.0,2024-06-20,,"At-rest encryption"
backup,VersionHistory,completed,1.0,2024-06-20,,"JSON version tracking"
category,component,status,version,last_updated,dependencies,notes
cognitive,EmotionProcessor,completed,1.0,2024-06-21,,"Basic emotion detection"
knowledge,KnowledgeGraph,completed,1.1,2024-06-21,,"Enhanced query handling"
nlp,SentimentAnalyzer,completed,1.0,2024-06-21,,"Basic sentiment analysis"
interface,VoiceInterface,completed,1.0,2024-06-21,,"Voice command processing"
memory,MemoryBank,completed,1.3,2024-06-20,"datetime,dateutil","Enhanced decay algorithm"
memory,MemoryProgressManager,completed,1.2,2024-06-20,"zlib,pickle,hashlib","Atomic saves with checksums"
memory,MemoryNode,completed,1.1,2024-06-20,,"Multimodal memory nodes"
memory,MemorySystem,completed,1.2,2024-06-20,"PlaceholderDB","Episodic/semantic integration"
memory,DataVault,completed,1.0,2024-06-20,,"Encrypted memory storage"
memory,AttentionPredictor,completed,1.0,2024-06-20,"onnx","Engagement detection"
system,PersonalAI,completed,1.2,2024-06-20,"MemorySystem,AdaptiveUI","Main AI controller"
system,ConversationSession,completed,1.1,2024-06-20,,"Contextual chat handling"
system,UserProfile,completed,1.1,2024-06-20,,"Extended profile schema"
system,AIResponsePreferences,completed,1.1,2024-06-20,,"Enhanced decay params"
storage,SaveSystem,completed,1.1,2024-06-20,"pathlib","Full memory backups"
knowledge,ThinkSessions,completed,1.0,2024-06-20,,"30+ reflection documents"
integration,MemoryIntegration,completed,1.2,2024-06-20,"MemoryBank,ProfileLoader","Bias application"
testing,MemoryTests,completed,1.1,2024-06-20,pytest,"Checksum verification"
documentation,MemoryDocs,completed,1.0,2024-06-20,,"API and usage examples"
security,MemoryEncryption,completed,1.0,2024-06-20,,"At-rest encryption"
backup,VersionHistory,completed,1.0,2024-06-20,,"JSON version tracking"